MSSubClass,MSZoning,LotFrontage,LotArea,Street,LotShape,LandContour,Utilities,LotConfig,LandSlope,Neighborhood,Condition1,Condition2,BldgType,HouseStyle,OverallQual,OverallCond,YearBuilt,YearRemodAdd,RoofStyle,RoofMatl,Exterior1st,Exterior2nd,MasVnrType,MasVnrArea,ExterQual,ExterCond,Foundation,BsmtQual,BsmtCond,BsmtExposure,BsmtFinType1,BsmtFinSF1,BsmtFinType2,BsmtFinSF2,BsmtUnfSF,TotalBsmtSF,Heating,HeatingQC,CentralAir,Electrical,1stFlrSF,2ndFlrSF,LowQualFinSF,GrLivArea,BsmtFullBath,BsmtHalfBath,FullBath,HalfBath,BedroomAbvGr,KitchenAbvGr,KitchenQual,TotRmsAbvGrd,Functional,Fireplaces,FireplaceQu,GarageType,GarageFinish,GarageCars,GarageArea,GarageQual,GarageCond,PavedDrive,WoodDeckSF,OpenPorchSF,EnclosedPorch,3SsnPorch,ScreenPorch,PoolArea,MiscVal,MoSold,YrSold,SaleType,SaleCondition
20,RH,80,11622,Pave,Reg,Lvl,AllPub,Inside,Gtl,NAmes,Feedr,Norm,1Fam,1Story,5,6,1961,1961,Gable,CompShg,VinylSd,VinylSd,None,0,TA,TA,CBlock,TA,TA,No,Rec,468,LwQ,144,270,882,GasA,TA,Y,SBrkr,896,0,0,896,0,0,1,0,2,1,TA,5,Typ,0,Gd,Attchd,Unf,1,730,TA,TA,Y,140,0,0,0,120,0,0,6,2010,WD,Normal
20,RL,81,14267,Pave,IR1,Lvl,AllPub,Corner,Gtl,NAmes,Norm,Norm,1Fam,1Story,6,6,1958,1958,Hip,CompShg,Wd Sdng,Wd Sdng,BrkFace,108,TA,TA,CBlock,TA,TA,No,ALQ,923,Unf,0,406,1329,GasA,TA,Y,SBrkr,1329,0,0,1329,0,0,1,1,3,1,Gd,6,Typ,0,Gd,Attchd,Unf,1,312,TA,TA,Y,393,36,0,0,0,0,12500,6,2010,WD,Normal
60,RL,74,13830,Pave,IR1,Lvl,AllPub,Inside,Gtl,Gilbert,Norm,Norm,1Fam,2Story,5,5,1997,1998,Gable,CompShg,VinylSd,VinylSd,None,0,TA,TA,PConc,Gd,TA,No,GLQ,791,Unf,0,137,928,GasA,Gd,Y,SBrkr,928,701,0,1629,0,0,2,1,3,1,TA,6,Typ,1,TA,Attchd,Fin,2,482,TA,TA,Y,212,34,0,0,0,0,0,3,2010,WD,Normal
60,RL,78,9978,Pave,IR1,Lvl,AllPub,Inside,Gtl,Gilbert,Norm,Norm,1Fam,2Story,6,6,1998,1998,Gable,CompShg,VinylSd,VinylSd,BrkFace,20,TA,TA,PConc,TA,TA,No,GLQ,602,Unf,0,324,926,GasA,Ex,Y,SBrkr,926,678,0,1604,0,0,2,1,3,1,Gd,7,Typ,1,Gd,Attchd,Fin,2,470,TA,TA,Y,360,36,0,0,0,0,0,6,2010,WD,Normal
120,RL,43,5005,Pave,IR1,HLS,AllPub,Inside,Gtl,StoneBr,Norm,Norm,TwnhsE,1Story,8,5,1992,1992,Gable,CompShg,HdBoard,HdBoard,None,0,Gd,TA,PConc,Gd,TA,No,ALQ,263,Unf,0,1017,1280,GasA,Ex,Y,SBrkr,1280,0,0,1280,0,0,2,0,2,1,Gd,5,Typ,0,Gd,Attchd,RFn,2,506,TA,TA,Y,0,82,0,0,144,0,0,1,2010,WD,Normal
60,RL,75,10000,Pave,IR1,Lvl,AllPub,Corner,Gtl,Gilbert,Norm,Norm,1Fam,2Story,6,5,1993,1994,Gable,CompShg,HdBoard,HdBoard,None,0,TA,TA,PConc,Gd,TA,No,Unf,0,Unf,0,763,763,GasA,Gd,Y,SBrkr,763,892,0,1655,0,0,2,1,3,1,TA,7,Typ,1,TA,Attchd,Fin,2,440,TA,TA,Y,157,84,0,0,0,0,0,4,2010,WD,Normal
20,RL,68.5803571428571,7980,Pave,IR1,Lvl,AllPub,Inside,Gtl,Gilbert,Norm,Norm,1Fam,1Story,6,7,1992,2007,Gable,CompShg,HdBoard,HdBoard,None,0,TA,Gd,PConc,Gd,TA,No,ALQ,935,Unf,0,233,1168,GasA,Ex,Y,SBrkr,1187,0,0,1187,1,0,2,0,3,1,TA,6,Typ,0,Gd,Attchd,Fin,2,420,TA,TA,Y,483,21,0,0,0,0,500,3,2010,WD,Normal
60,RL,63,8402,Pave,IR1,Lvl,AllPub,Inside,Gtl,Gilbert,Norm,Norm,1Fam,2Story,6,5,1998,1998,Gable,CompShg,VinylSd,VinylSd,None,0,TA,TA,PConc,Gd,TA,No,Unf,0,Unf,0,789,789,GasA,Gd,Y,SBrkr,789,676,0,1465,0,0,2,1,3,1,TA,7,Typ,1,Gd,Attchd,Fin,2,393,TA,TA,Y,0,75,0,0,0,0,0,5,2010,WD,Normal
20,RL,85,10176,Pave,Reg,Lvl,AllPub,Inside,Gtl,Gilbert,Norm,Norm,1Fam,1Story,7,5,1990,1990,Gable,CompShg,HdBoard,HdBoard,None,0,TA,TA,PConc,Gd,TA,Gd,GLQ,637,Unf,0,663,1300,GasA,Gd,Y,SBrkr,1341,0,0,1341,1,0,1,1,2,1,Gd,5,Typ,1,Po,Attchd,Unf,2,506,TA,TA,Y,192,0,0,0,0,0,0,2,2010,WD,Normal
20,RL,70,8400,Pave,Reg,Lvl,AllPub,Corner,Gtl,NAmes,Norm,Norm,1Fam,1Story,4,5,1970,1970,Gable,CompShg,Plywood,Plywood,None,0,TA,TA,CBlock,TA,TA,No,ALQ,804,Rec,78,0,882,GasA,TA,Y,SBrkr,882,0,0,882,1,0,1,0,2,1,TA,4,Typ,0,Gd,Attchd,Fin,2,525,TA,TA,Y,240,0,0,0,0,0,0,4,2010,WD,Normal
120,RH,26,5858,Pave,IR1,Lvl,AllPub,FR2,Gtl,NAmes,Norm,Norm,TwnhsE,1Story,7,5,1999,1999,Gable,CompShg,MetalSd,MetalSd,None,0,Gd,TA,PConc,Gd,TA,No,GLQ,1051,BLQ,0,354,1405,GasA,Ex,Y,SBrkr,1337,0,0,1337,1,0,2,0,2,1,Gd,5,Typ,1,Fa,Attchd,Fin,2,511,TA,TA,Y,203,68,0,0,0,0,0,6,2010,WD,Normal
160,RM,21,1680,Pave,Reg,Lvl,AllPub,Inside,Gtl,BrDale,Norm,Norm,Twnhs,2Story,6,5,1971,1971,Gable,CompShg,HdBoard,HdBoard,BrkFace,504,TA,TA,CBlock,TA,TA,No,Rec,156,Unf,0,327,483,GasA,TA,Y,SBrkr,483,504,0,987,0,0,1,1,2,1,TA,5,Typ,0,Gd,Detchd,Unf,1,264,TA,TA,Y,275,0,0,0,0,0,0,2,2010,COD,Normal
160,RM,21,1680,Pave,Reg,Lvl,AllPub,Inside,Gtl,BrDale,Norm,Norm,Twnhs,2Story,5,5,1971,1971,Gable,CompShg,HdBoard,HdBoard,BrkFace,492,TA,TA,CBlock,TA,TA,No,Rec,300,Unf,0,225,525,GasA,TA,Y,SBrkr,525,567,0,1092,0,0,1,1,3,1,TA,6,Typ,0,Gd,Detchd,Unf,1,320,TA,TA,Y,0,0,0,0,0,0,0,3,2010,WD,Normal
160,RL,24,2280,Pave,Reg,Lvl,AllPub,FR2,Gtl,NPkVill,Norm,Norm,Twnhs,2Story,6,6,1975,1975,Gable,CompShg,Plywood,Brk Cmn,None,0,TA,TA,CBlock,TA,TA,No,ALQ,514,Unf,0,341,855,GasA,TA,Y,SBrkr,855,601,0,1456,0,0,2,1,3,1,Gd,6,Typ,1,TA,Attchd,Unf,2,440,TA,TA,Y,173,0,0,0,0,0,0,6,2010,WD,Normal
120,RL,24,2280,Pave,Reg,Lvl,AllPub,FR2,Gtl,NPkVill,Norm,Norm,Twnhs,1Story,7,6,1975,1975,Gable,CompShg,Plywood,Brk Cmn,None,0,TA,TA,CBlock,Gd,TA,No,Unf,0,Unf,0,836,836,GasA,Ex,Y,SBrkr,836,0,0,836,0,0,1,0,2,1,TA,4,Typ,0,Gd,Attchd,Unf,1,308,TA,TA,Y,0,30,0,0,0,0,0,6,2010,WD,Normal
60,RL,102,12858,Pave,IR1,Lvl,AllPub,Inside,Gtl,NridgHt,Norm,Norm,1Fam,2Story,9,5,2009,2010,Gable,CompShg,VinylSd,VinylSd,Stone,162,Ex,TA,PConc,Ex,TA,No,Unf,0,Unf,0,1590,1590,GasA,Ex,Y,SBrkr,1627,707,0,2334,0,0,2,1,3,1,Ex,10,Typ,1,Gd,Attchd,Fin,3,751,TA,TA,Y,144,133,0,0,0,0,0,1,2010,New,Partial
20,RL,94,12883,Pave,IR1,Lvl,AllPub,Corner,Gtl,NridgHt,Norm,Norm,1Fam,1Story,8,5,2009,2010,Gable,CompShg,VinylSd,VinylSd,Stone,256,Gd,TA,PConc,Gd,TA,No,Unf,0,Unf,0,1544,1544,GasA,Ex,Y,SBrkr,1544,0,0,1544,0,0,2,0,3,1,Gd,7,Typ,0,Gd,Attchd,RFn,3,868,TA,TA,Y,0,35,0,0,0,0,0,6,2010,New,Partial
20,RL,90,11520,Pave,Reg,Lvl,AllPub,Inside,Gtl,NridgHt,PosN,Norm,1Fam,1Story,9,5,2005,2005,Hip,CompShg,VinylSd,VinylSd,BrkFace,615,Gd,TA,PConc,Ex,TA,No,GLQ,110,Unf,0,1588,1698,GasA,Ex,Y,SBrkr,1698,0,0,1698,0,0,2,0,3,1,Ex,7,Typ,1,Gd,Attchd,Fin,3,730,TA,TA,Y,192,74,0,0,0,0,0,6,2010,WD,Normal
20,RL,79,14122,Pave,IR1,Lvl,AllPub,Inside,Gtl,NridgHt,Norm,Norm,1Fam,1Story,8,5,2005,2006,Hip,CompShg,CemntBd,CmentBd,BrkFace,240,Gd,TA,PConc,Ex,TA,No,GLQ,28,Unf,0,1794,1822,GasA,Ex,Y,SBrkr,1822,0,0,1822,0,0,2,0,3,1,Ex,8,Typ,1,Gd,Attchd,RFn,3,678,TA,TA,Y,0,119,0,0,0,0,0,2,2010,WD,Normal
20,RL,110,14300,Pave,Reg,HLS,AllPub,Inside,Mod,NridgHt,Norm,Norm,1Fam,1Story,9,5,2003,2004,Hip,CompShg,VinylSd,VinylSd,BrkFace,1095,Ex,TA,PConc,Ex,TA,Gd,GLQ,1373,Unf,0,1473,2846,GasA,Ex,Y,SBrkr,2696,0,0,2696,1,0,2,1,3,1,Ex,10,Typ,2,Gd,Attchd,Fin,3,958,TA,TA,Y,220,150,0,0,0,0,0,6,2010,WD,Normal
60,RL,105,13650,Pave,Reg,Lvl,AllPub,Corner,Gtl,NridgHt,Norm,Norm,1Fam,2Story,8,5,2002,2002,Gable,CompShg,VinylSd,VinylSd,BrkFace,232,Gd,TA,PConc,Gd,TA,Gd,GLQ,578,Unf,0,1093,1671,GasA,Ex,Y,SBrkr,1687,563,0,2250,1,0,2,1,3,1,Gd,7,Typ,1,Ex,Attchd,Fin,3,756,TA,TA,Y,238,130,0,0,0,0,0,6,2010,WD,Normal
120,RL,41,7132,Pave,IR1,Lvl,AllPub,Inside,Gtl,NridgHt,Norm,Norm,TwnhsE,1Story,8,5,2006,2006,Gable,CompShg,VinylSd,VinylSd,Stone,178,Gd,TA,PConc,Gd,TA,Mn,GLQ,24,Unf,0,1346,1370,GasA,Ex,Y,SBrkr,1370,0,0,1370,0,0,2,0,2,1,Gd,6,Typ,1,Gd,Attchd,RFn,2,484,TA,TA,Y,120,49,0,0,0,0,0,4,2010,WD,Normal
20,RL,100,18494,Pave,IR1,Lvl,AllPub,Corner,Gtl,Gilbert,Norm,Norm,1Fam,1Story,6,5,2005,2005,Gable,CompShg,VinylSd,VinylSd,None,0,Gd,TA,PConc,Gd,TA,No,Unf,0,Unf,0,1324,1324,GasA,Ex,Y,SBrkr,1324,0,0,1324,0,0,2,0,3,1,Gd,6,Typ,0,Gd,Attchd,Fin,2,430,TA,TA,Y,36,23,0,0,0,0,0,1,2010,WD,Normal
120,RL,43,3203,Pave,Reg,Lvl,AllPub,Inside,Gtl,Blmngtn,Norm,Norm,TwnhsE,1Story,7,5,2006,2006,Gable,CompShg,VinylSd,VinylSd,BrkFace,14,Gd,TA,PConc,Gd,TA,Av,GLQ,16,Unf,0,1129,1145,GasA,Ex,Y,SBrkr,1145,0,0,1145,0,0,2,0,2,1,Gd,6,Typ,0,Gd,Attchd,Fin,2,437,TA,TA,Y,100,116,0,0,0,0,0,1,2010,WD,Normal
80,RL,67,13300,Pave,IR1,Lvl,AllPub,Inside,Gtl,Gilbert,Norm,Norm,1Fam,SLvl,7,5,2004,2004,Gable,CompShg,VinylSd,VinylSd,None,0,Gd,TA,PConc,Gd,TA,No,GLQ,326,Unf,0,58,384,GasA,Ex,Y,SBrkr,744,630,0,1374,1,0,2,1,3,1,Gd,7,Typ,1,Gd,BuiltIn,Fin,2,400,TA,TA,Y,100,0,0,0,0,0,0,6,2010,WD,Normal
60,RL,63,8577,Pave,IR1,Lvl,AllPub,Inside,Gtl,Gilbert,Norm,Norm,1Fam,2Story,7,5,2004,2004,Gable,CompShg,VinylSd,VinylSd,None,0,Gd,TA,PConc,Gd,TA,No,Unf,0,Unf,0,847,847,GasA,Ex,Y,SBrkr,847,886,0,1733,0,0,2,1,3,1,Gd,7,Typ,1,Gd,BuiltIn,Fin,2,433,TA,TA,Y,144,48,0,0,0,0,0,4,2010,WD,Normal
60,RL,60,17433,Pave,IR2,Lvl,AllPub,CulDSac,Gtl,NoRidge,Norm,Norm,1Fam,2Story,8,5,1998,1998,Hip,CompShg,VinylSd,VinylSd,BrkFace,114,Gd,TA,PConc,Ex,TA,No,Unf,0,Unf,0,1629,1629,GasA,Ex,Y,SBrkr,1645,830,0,2475,0,0,2,1,4,1,Gd,7,Typ,1,TA,Attchd,Fin,3,962,TA,TA,Y,23,172,0,0,256,0,0,1,2010,WD,Normal
20,RL,73,8987,Pave,Reg,Lvl,AllPub,Inside,Gtl,Somerst,Norm,Norm,1Fam,1Story,8,5,2005,2006,Gable,CompShg,VinylSd,VinylSd,BrkFace,226,Gd,TA,PConc,Gd,TA,No,Unf,0,Unf,0,1595,1595,GasA,Ex,Y,SBrkr,1595,0,0,1595,0,0,2,0,2,1,Gd,6,Typ,1,Gd,Attchd,RFn,3,880,TA,TA,Y,144,0,0,0,0,0,0,5,2010,WD,Normal
20,FV,92,9215,Pave,Reg,Lvl,AllPub,Inside,Gtl,Somerst,Norm,Norm,1Fam,1Story,7,5,2009,2010,Hip,CompShg,VinylSd,VinylSd,None,0,Gd,TA,PConc,Gd,TA,No,Unf,0,Unf,0,1218,1218,GasA,Ex,Y,SBrkr,1218,0,0,1218,0,0,2,0,2,1,Gd,4,Typ,0,Gd,Attchd,RFn,2,676,TA,TA,Y,0,136,0,0,0,0,0,4,2010,New,Partial
20,FV,84,10440,Pave,Reg,Lvl,AllPub,Corner,Gtl,Somerst,Norm,Norm,1Fam,1Story,6,5,2005,2005,Gable,CompShg,VinylSd,VinylSd,None,0,Gd,TA,PConc,Ex,TA,No,GLQ,1414,Unf,0,54,1468,GasA,Ex,Y,SBrkr,1468,0,0,1468,1,0,2,0,2,1,Gd,6,Typ,1,Gd,Attchd,Fin,2,528,TA,TA,Y,0,102,0,0,216,0,0,5,2010,WD,Normal
60,RL,70,11920,Pave,Reg,Lvl,AllPub,Inside,Gtl,SawyerW,Norm,Norm,1Fam,2Story,7,5,2004,2004,Gable,CompShg,VinylSd,VinylSd,BrkFace,122,Gd,TA,PConc,Gd,TA,Av,Unf,0,Unf,0,831,831,GasA,Ex,Y,SBrkr,831,828,0,1659,0,0,2,1,3,1,Gd,8,Typ,0,Gd,Attchd,RFn,2,484,TA,TA,Y,144,68,0,0,0,0,0,4,2010,WD,Normal
30,RH,70,9800,Pave,Reg,Lvl,AllPub,Corner,Gtl,SawyerW,Feedr,Norm,1Fam,1Story,5,5,1920,1950,Gable,CompShg,Wd Sdng,Wd Sdng,None,0,TA,Fa,BrkTil,TA,TA,No,Unf,0,Unf,0,816,816,GasA,TA,N,FuseA,1012,0,0,1012,0,0,1,0,2,1,TA,5,Typ,0,Gd,Detchd,Unf,1,429,TA,TA,Y,121,0,80,0,0,0,0,4,2010,WD,Normal
20,RL,39,15410,Pave,IR1,Lvl,AllPub,CulDSac,Gtl,Sawyer,RRNe,Norm,1Fam,1Story,6,6,1974,2002,Hip,CompShg,Plywood,Plywood,BrkCmn,250,TA,Gd,CBlock,TA,TA,Gd,BLQ,126,GLQ,859,223,1208,GasA,Ex,Y,SBrkr,1494,0,0,1494,1,0,2,0,3,1,TA,7,Typ,2,Fa,Attchd,Fin,2,461,TA,TA,Y,296,0,186,0,0,0,0,4,2010,WD,Abnorml
60,RL,85,13143,Pave,IR1,Lvl,AllPub,Inside,Gtl,NoRidge,Norm,Norm,1Fam,2Story,8,5,1993,1993,Gable,CompShg,HdBoard,ImStucc,BrkFace,504,Gd,TA,PConc,Gd,TA,No,LwQ,250,GLQ,981,0,1231,GasA,Ex,Y,SBrkr,1251,1098,0,2349,1,0,2,1,4,1,Gd,9,Typ,1,TA,Attchd,RFn,3,762,TA,TA,Y,32,130,0,0,0,0,0,6,2010,WD,Normal
60,RL,88,11134,Pave,Reg,Lvl,AllPub,Inside,Gtl,NoRidge,Norm,Norm,1Fam,2Story,8,5,1992,1993,Gable,CompShg,HdBoard,HdBoard,BrkFace,180,Gd,TA,PConc,Gd,TA,No,GLQ,1129,Unf,0,261,1390,GasA,Ex,Y,SBrkr,1402,823,0,2225,1,0,2,1,4,1,Gd,7,Typ,1,TA,Attchd,RFn,3,713,TA,TA,Y,198,30,0,0,0,0,0,6,2010,WD,Normal
120,FV,25,4835,Pave,IR1,Lvl,AllPub,CulDSac,Gtl,Somerst,Norm,Norm,TwnhsE,1Story,7,5,2004,2005,Gable,CompShg,MetalSd,MetalSd,None,0,Gd,TA,PConc,Ex,TA,Av,GLQ,1298,Unf,0,190,1488,GasA,Ex,Y,SBrkr,1488,0,0,1488,1,0,2,0,2,1,Gd,6,Typ,1,Gd,Attchd,Fin,2,506,TA,TA,Y,168,50,0,0,0,0,0,3,2010,WD,Normal
160,FV,39,3515,Pave,Reg,Lvl,AllPub,Inside,Gtl,Somerst,Norm,Norm,TwnhsE,2Story,7,5,2004,2004,Gable,CompShg,VinylSd,VinylSd,None,0,Gd,TA,PConc,Gd,TA,No,Unf,0,Unf,0,840,840,GasA,Ex,Y,SBrkr,840,840,0,1680,0,0,2,1,2,1,Gd,3,Typ,0,Gd,Attchd,RFn,2,588,TA,TA,Y,0,111,0,0,0,0,0,1,2010,WD,Normal
160,FV,30,3215,Pave,Reg,Lvl,AllPub,Inside,Gtl,Somerst,Norm,Norm,TwnhsE,2Story,7,5,2004,2004,Gable,CompShg,MetalSd,MetalSd,BrkFace,120,Gd,TA,PConc,Gd,TA,Av,GLQ,280,Unf,0,320,600,GasA,Ex,Y,SBrkr,600,600,0,1200,0,0,2,1,2,1,Gd,4,Typ,0,Gd,Detchd,RFn,2,480,TA,TA,Y,0,172,0,0,0,0,0,4,2010,ConLD,Normal
160,FV,24,2544,Pave,Reg,Lvl,AllPub,Inside,Gtl,Somerst,Norm,Norm,Twnhs,2Story,7,5,2004,2005,Gable,CompShg,MetalSd,MetalSd,None,0,Gd,TA,PConc,Gd,TA,No,GLQ,368,ALQ,42,190,600,GasA,Ex,Y,SBrkr,600,600,0,1200,1,0,2,1,2,1,Gd,4,Typ,0,Gd,Detchd,RFn,2,480,TA,TA,Y,0,172,0,0,0,0,0,2,2010,WD,Normal
160,FV,24,2544,Pave,Reg,Lvl,AllPub,Inside,Gtl,Somerst,Norm,Norm,Twnhs,2Story,6,5,2005,2005,Gable,CompShg,VinylSd,VinylSd,BrkFace,216,Gd,TA,PConc,Gd,TA,No,GLQ,376,Unf,0,224,600,GasA,Ex,Y,SBrkr,600,636,0,1236,1,0,2,1,2,1,Gd,4,Typ,0,Gd,Detchd,RFn,2,480,TA,TA,Y,0,166,0,0,0,0,0,5,2010,WD,Normal
160,FV,68.5803571428571,2980,Pave,Reg,Lvl,AllPub,Corner,Gtl,Somerst,Norm,Norm,TwnhsE,2Story,6,5,2000,2000,Gable,CompShg,MetalSd,MetalSd,BrkFace,1159,Gd,TA,PConc,Gd,TA,No,GLQ,466,Unf,0,290,756,GasA,Ex,Y,SBrkr,756,756,0,1512,1,0,2,1,2,1,Gd,5,Typ,0,Gd,Detchd,Unf,2,440,TA,TA,Y,0,32,0,0,0,0,0,5,2010,WD,Normal
160,FV,68.5803571428571,2403,Pave,IR1,Lvl,AllPub,FR2,Gtl,Somerst,Norm,Norm,TwnhsE,2Story,7,5,2003,2003,Gable,CompShg,VinylSd,VinylSd,None,0,Gd,TA,PConc,Gd,TA,No,GLQ,244,Unf,0,286,530,GasA,Ex,Y,SBrkr,530,550,0,1080,0,0,2,1,2,1,Gd,4,Typ,0,Gd,Attchd,RFn,2,496,TA,TA,Y,0,50,0,0,0,0,0,6,2010,WD,Normal
20,FV,57,12853,Pave,IR1,Lvl,AllPub,Inside,Gtl,Somerst,Norm,Norm,1Fam,1Story,8,5,2010,2010,Gable,CompShg,CemntBd,CmentBd,None,0,Gd,TA,PConc,Ex,Po,No,GLQ,1032,Unf,0,610,1642,GasA,Ex,Y,SBrkr,1418,0,0,1418,1,0,1,1,1,1,Gd,6,Typ,1,Gd,Attchd,RFn,3,852,TA,TA,Y,160,192,0,224,0,0,0,4,2010,New,Partial
60,FV,68,7379,Pave,IR1,Lvl,AllPub,Inside,Gtl,Somerst,Norm,Norm,1Fam,2Story,8,5,2000,2000,Gable,CompShg,VinylSd,VinylSd,None,0,Gd,TA,PConc,Gd,TA,No,GLQ,484,Unf,0,491,975,GasA,Ex,Y,SBrkr,975,873,0,1848,1,0,2,1,3,1,Gd,7,Typ,1,TA,Attchd,RFn,2,592,TA,TA,Y,280,184,0,0,0,0,0,4,2010,WD,Normal
20,FV,80,8000,Pave,Reg,Lvl,AllPub,Inside,Gtl,Somerst,Norm,Norm,1Fam,1Story,7,5,2002,2002,Gable,CompShg,VinylSd,VinylSd,None,0,Gd,TA,PConc,Gd,TA,No,GLQ,833,Unf,0,659,1492,GasA,Ex,Y,SBrkr,1492,0,0,1492,1,0,2,0,3,1,Gd,6,Typ,1,Gd,Attchd,RFn,2,596,TA,TA,Y,277,137,0,0,0,0,0,4,2010,WD,Normal
20,RL,68.5803571428571,10456,Pave,IR1,Lvl,AllPub,Inside,Gtl,NWAmes,Norm,Norm,1Fam,1Story,6,6,1967,1967,Hip,CompShg,HdBoard,HdBoard,BrkFace,120,TA,TA,CBlock,TA,TA,No,GLQ,506,Unf,0,1323,1829,GasA,Gd,Y,SBrkr,1829,0,0,1829,1,0,2,0,4,1,TA,8,Typ,0,Gd,Attchd,RFn,2,535,TA,TA,Y,0,76,0,0,0,0,0,5,2010,WD,Normal
60,RL,80,10791,Pave,Reg,Lvl,AllPub,Inside,Gtl,NWAmes,Norm,Norm,1Fam,2Story,6,5,1993,1993,Gable,CompShg,MetalSd,MetalSd,None,0,TA,TA,PConc,Gd,TA,Mn,GLQ,1137,Unf,0,143,1280,GasA,Ex,Y,SBrkr,1280,1215,0,2495,1,0,2,1,4,1,Gd,9,Typ,1,TA,Attchd,Unf,2,660,TA,TA,Y,224,32,0,0,0,0,0,3,2010,WD,Normal
50,RL,68.5803571428571,18837,Pave,IR1,Lvl,AllPub,Inside,Gtl,NWAmes,Norm,Norm,1Fam,1.5Fin,6,5,1978,1978,Gable,CompShg,MetalSd,MetalSd,None,0,TA,TA,PConc,Gd,TA,Mn,ALQ,687,LwQ,46,491,1224,GasA,TA,Y,SBrkr,1287,604,0,1891,0,1,3,0,3,1,TA,7,Typ,1,TA,Attchd,RFn,2,678,TA,TA,Y,0,69,0,0,0,0,0,4,2010,WD,Normal
60,RL,80,9600,Pave,Reg,Lvl,AllPub,Inside,Gtl,NWAmes,Norm,Norm,1Fam,2Story,6,6,1971,1971,Gable,CompShg,MetalSd,MetalSd,None,0,TA,TA,CBlock,TA,TA,No,ALQ,329,Unf,0,386,715,GasA,TA,Y,SBrkr,930,715,0,1645,0,0,1,2,4,1,TA,7,Typ,0,Gd,Attchd,RFn,2,441,TA,TA,Y,0,78,0,0,0,0,0,6,2010,WD,Normal
20,RL,80,9600,Pave,Reg,Lvl,AllPub,Inside,Gtl,NAmes,Norm,Norm,1Fam,1Story,5,5,1966,1966,Hip,CompShg,VinylSd,VinylSd,BrkFace,172,TA,TA,CBlock,TA,TA,No,Rec,698,Unf,0,534,1232,GasA,TA,Y,SBrkr,1232,0,0,1232,1,0,1,1,3,1,TA,6,Typ,0,Gd,Attchd,RFn,2,490,TA,TA,Y,0,224,0,0,0,0,0,4,2010,WD,Normal
20,RL,90,9900,Pave,Reg,Lvl,AllPub,Corner,Gtl,NAmes,Norm,Norm,1Fam,1Story,5,5,1966,1966,Hip,CompShg,HdBoard,HdBoard,None,0,TA,TA,PConc,Gd,TA,No,BLQ,1059,Unf,0,150,1209,GasA,Gd,Y,SBrkr,1209,0,0,1209,1,0,1,0,3,1,TA,6,Typ,0,Gd,Attchd,RFn,2,504,TA,TA,Y,0,0,120,0,0,0,0,4,2010,ConLD,Normal
20,RL,88,9680,Pave,Reg,Lvl,AllPub,Inside,Gtl,NAmes,Norm,Norm,1Fam,1Story,5,6,1967,1967,Gable,CompShg,Wd Sdng,Plywood,BrkFace,268,TA,TA,CBlock,TA,TA,No,BLQ,1010,Unf,0,500,1510,GasA,Ex,Y,SBrkr,1510,0,0,1510,1,0,2,0,3,1,Gd,6,Typ,0,Gd,Attchd,RFn,2,517,TA,TA,Y,0,40,0,0,204,0,0,4,2010,WD,Normal
80,RL,68.5803571428571,10600,Pave,IR1,Lvl,AllPub,Inside,Gtl,NAmes,Norm,Norm,1Fam,SLvl,6,5,1964,1964,Gable,CompShg,HdBoard,HdBoard,None,0,TA,TA,CBlock,TA,TA,No,Unf,0,Unf,0,533,533,GasA,TA,Y,SBrkr,1131,644,0,1775,0,0,2,0,3,1,TA,8,Typ,0,Gd,Attchd,Unf,2,480,TA,TA,Y,0,172,0,0,0,0,0,5,2010,COD,Family
90,RL,98,13260,Pave,IR1,Lvl,AllPub,Inside,Gtl,NAmes,Norm,Norm,Duplex,1Story,5,6,1962,2001,Hip,CompShg,HdBoard,HdBoard,BrkFace,144,TA,TA,CBlock,TA,TA,No,BLQ,1500,Unf,0,228,1728,GasA,TA,Y,SBrkr,1728,0,0,1728,2,0,2,0,6,2,TA,10,Typ,0,Gd,Attchd,Unf,0,0,TA,TA,Y,0,0,0,0,0,0,0,1,2010,Oth,Abnorml
50,RL,68,9724,Pave,Reg,Lvl,AllPub,Inside,Gtl,NAmes,Norm,Norm,1Fam,1.5Fin,5,7,1952,2002,Gable,CompShg,MetalSd,MetalSd,BrkFace,265,Gd,TA,CBlock,TA,TA,No,LwQ,670,Unf,0,470,1140,GasA,Gd,Y,SBrkr,1929,532,0,2461,0,0,2,0,3,1,TA,7,Min2,2,Gd,Detchd,Unf,2,400,TA,TA,Y,0,0,0,0,0,0,0,3,2010,WD,Normal
50,RL,120,17360,Pave,Reg,Lvl,AllPub,Corner,Gtl,NAmes,Artery,Norm,1Fam,1.5Fin,6,6,1949,1950,Gable,CompShg,MetalSd,MetalSd,Stone,340,TA,Gd,CBlock,TA,TA,No,Rec,300,Unf,0,482,782,GasA,TA,Y,SBrkr,1019,537,0,1556,0,0,2,0,3,1,TA,6,Typ,1,Gd,Attchd,Unf,2,470,TA,TA,Y,0,0,150,0,0,0,0,1,2010,WD,Normal
85,RL,75,11380,Pave,IR1,Lvl,AllPub,Inside,Gtl,NAmes,Norm,Norm,1Fam,SFoyer,6,8,1966,2008,Gable,CompShg,HdBoard,HdBoard,BrkFace,216,TA,TA,CBlock,TA,TA,Gd,GLQ,944,Unf,0,136,1080,GasA,Gd,Y,SBrkr,1128,0,0,1128,1,0,1,0,2,1,Gd,5,Typ,1,Gd,Attchd,Unf,1,315,TA,TA,Y,238,0,0,0,0,0,1500,1,2010,WD,Normal
90,RL,70,8267,Pave,Reg,Lvl,AllPub,Corner,Gtl,NAmes,Feedr,Norm,Duplex,1Story,5,5,1958,1958,Gable,CompShg,HdBoard,HdBoard,None,0,TA,TA,CBlock,TA,TA,No,Unf,0,Unf,0,1604,1604,GasA,TA,Y,SBrkr,1604,0,0,1604,0,0,2,0,4,2,TA,8,Typ,0,Gd,Attchd,Unf,2,576,TA,TA,Y,42,0,0,0,0,0,0,3,2010,WD,Normal
20,RL,70,8197,Pave,Reg,Lvl,AllPub,Inside,Gtl,NAmes,Norm,Norm,1Fam,1Story,7,5,2003,2009,Gable,CompShg,VinylSd,VinylSd,BrkFace,506,Gd,TA,PConc,Gd,TA,No,GLQ,1188,Unf,0,292,1480,GasA,Ex,Y,SBrkr,1480,0,0,1480,1,0,2,0,3,1,Gd,7,Typ,0,Gd,Attchd,RFn,2,620,TA,TA,Y,252,73,0,0,0,0,300,2,2010,WD,Normal
20,RL,68.5803571428571,8050,Pave,IR1,Lvl,AllPub,Inside,Gtl,NAmes,Norm,Norm,1Fam,1Story,5,5,1959,1959,Hip,CompShg,MetalSd,MetalSd,BrkFace,150,TA,TA,CBlock,TA,TA,No,BLQ,856,Rec,162,125,1143,GasA,TA,Y,SBrkr,1143,0,0,1143,1,0,1,0,3,1,TA,6,Typ,0,Gd,Attchd,RFn,1,308,TA,TA,Y,0,0,0,0,0,0,0,5,2010,WD,Normal
20,RL,87,10725,Pave,IR1,Lvl,AllPub,Inside,Gtl,NAmes,Norm,Norm,1Fam,1Story,5,5,1959,1959,Hip,CompShg,MetalSd,MetalSd,BrkFace,91,TA,TA,CBlock,TA,TA,No,Rec,936,Unf,0,270,1206,GasA,Fa,Y,SBrkr,1206,0,0,1206,0,0,1,0,3,1,TA,6,Typ,0,Gd,Attchd,RFn,1,312,TA,TA,Y,0,21,0,0,0,0,0,5,2010,WD,Normal
20,RL,80,10032,Pave,Reg,Lvl,AllPub,Inside,Gtl,NAmes,Norm,Norm,1Fam,1Story,6,5,1959,1959,Gable,CompShg,Wd Sdng,Wd Sdng,Stone,432,TA,TA,CBlock,TA,TA,No,Rec,734,Unf,0,510,1244,GasA,Ex,Y,SBrkr,1580,0,0,1580,1,0,1,1,3,1,TA,6,Typ,2,Gd,Attchd,Unf,2,440,TA,TA,Y,0,28,0,0,160,0,0,6,2010,WD,Normal
50,RL,60,8382,Pave,Reg,Lvl,AllPub,Inside,Gtl,NAmes,Norm,Norm,1Fam,1.5Fin,4,5,1956,1956,Gable,CompShg,MetalSd,MetalSd,None,0,TA,TA,CBlock,TA,TA,No,Unf,0,Unf,0,832,832,GasA,TA,Y,FuseA,832,505,0,1337,0,0,1,0,3,1,TA,5,Typ,0,Gd,Attchd,Unf,1,263,TA,TA,Y,0,0,0,0,0,0,0,2,2010,WD,Normal
20,RL,60,10950,Pave,Reg,Lvl,AllPub,Inside,Gtl,NAmes,Norm,Norm,1Fam,1Story,5,7,1952,1952,Gable,CompShg,WdShing,Wd Shng,None,0,TA,TA,CBlock,TA,TA,No,BLQ,339,Unf,0,525,864,GasA,TA,Y,SBrkr,1064,0,0,1064,0,1,1,0,2,1,Fa,4,Typ,0,Gd,Detchd,Unf,1,318,TA,TA,Y,0,0,0,0,0,0,0,5,2010,WD,Normal
20,RL,119,10895,Pave,Reg,Lvl,AllPub,Corner,Gtl,NAmes,Norm,Norm,1Fam,1Story,5,6,1955,1955,Gable,CompShg,MetalSd,MetalSd,None,0,TA,Gd,CBlock,TA,TA,No,Rec,648,Unf,0,324,972,GasA,TA,Y,SBrkr,972,0,0,972,0,0,1,0,3,1,TA,5,Typ,0,Gd,Attchd,Unf,1,305,TA,TA,Y,0,0,205,0,0,0,0,6,2010,WD,Normal
190,RL,70,13587,Pave,Reg,Lvl,AllPub,Inside,Gtl,NAmes,Norm,Norm,2fmCon,1Story,5,5,1958,1958,Gable,CompShg,MetalSd,MetalSd,None,0,TA,TA,CBlock,TA,TA,Av,Rec,532,Unf,0,456,988,GasA,TA,Y,SBrkr,988,0,0,988,1,0,1,0,2,1,TA,5,Typ,0,Gd,Attchd,Unf,1,264,TA,TA,Y,0,0,0,0,0,0,0,4,2010,WD,Abnorml
30,RL,65,7898,Pave,Reg,Lvl,AllPub,Corner,Gtl,NAmes,Norm,Norm,1Fam,1Story,4,7,1920,1994,Gable,CompShg,MetalSd,MetalSd,None,0,TA,TA,BrkTil,TA,TA,No,Unf,0,Unf,0,576,576,GasA,Gd,Y,SBrkr,985,0,0,985,0,1,1,0,2,1,TA,4,Typ,0,Gd,Detchd,Unf,2,676,TA,TA,N,0,0,0,0,0,0,0,4,2010,WD,Normal
50,RL,60,8064,Pave,Reg,Lvl,AllPub,Inside,Gtl,NAmes,Artery,Norm,1Fam,1.5Fin,6,8,1948,2004,Gable,CompShg,WdShing,Wd Shng,None,0,TA,TA,CBlock,TA,TA,No,ALQ,481,Rec,174,161,816,GasA,TA,Y,SBrkr,816,408,0,1224,1,0,1,0,3,1,TA,5,Typ,0,Gd,Detchd,Unf,1,280,TA,TA,Y,414,0,0,0,0,0,0,5,2010,WD,Normal
20,RL,81,7635,Pave,IR1,Lvl,AllPub,Corner,Gtl,NAmes,Norm,Norm,1Fam,1Story,5,6,1960,1960,Gable,CompShg,BrkFace,Wd Sdng,None,0,TA,TA,CBlock,TA,TA,No,Rec,588,LwQ,350,237,1175,GasA,Ex,Y,SBrkr,1175,0,0,1175,0,0,1,1,3,1,TA,6,Typ,0,Gd,Detchd,RFn,2,484,TA,TA,Y,0,0,0,0,0,0,0,6,2010,WD,Normal
20,RL,80,9760,Pave,Reg,Lvl,AllPub,Inside,Mod,NAmes,Norm,Norm,1Fam,1Story,6,7,1963,1984,Hip,CompShg,Wd Sdng,Wd Sdng,BrkFace,218,TA,TA,CBlock,TA,TA,Gd,BLQ,717,LwQ,263,415,1395,GasA,TA,Y,SBrkr,1395,0,0,1395,1,0,1,0,2,1,TA,7,Min1,1,TA,Attchd,RFn,2,440,TA,TA,Y,657,0,113,0,240,0,0,5,2010,WD,Normal
50,RM,60,4800,Pave,Reg,Lvl,AllPub,Corner,Gtl,OldTown,Norm,Norm,1Fam,1.5Fin,4,5,1900,1954,Hip,CompShg,Wd Sdng,Wd Sdng,BrkFace,771,TA,TA,PConc,TA,TA,No,ALQ,48,Unf,0,661,709,GasA,TA,Y,SBrkr,1157,687,0,1844,1,0,1,0,3,1,TA,9,Min2,2,Gd,Basment,Unf,1,240,TA,TA,Y,84,0,0,0,0,0,0,1,2010,COD,Abnorml
30,RM,56,4485,Pave,Reg,Lvl,AllPub,Inside,Gtl,OldTown,Artery,Norm,1Fam,1Story,5,7,1920,1950,Gable,CompShg,Wd Sdng,Wd Sdng,None,0,TA,TA,PConc,TA,TA,No,BLQ,579,Unf,0,357,936,GasA,TA,Y,SBrkr,936,0,0,936,1,0,1,0,2,1,TA,5,Typ,1,Gd,Attchd,Unf,0,0,TA,TA,P,51,0,135,0,0,0,0,5,2010,WD,Normal
20,RM,69,5805,Pave,Reg,Bnk,AllPub,Inside,Mod,OldTown,Norm,Norm,1Fam,1Story,5,7,1957,1957,Hip,CompShg,MetalSd,MetalSd,None,0,TA,TA,CBlock,TA,TA,Mn,BLQ,274,Rec,1073,0,1347,GasA,Gd,Y,SBrkr,1347,0,0,1347,1,1,1,0,3,1,Gd,6,Typ,0,Gd,Detchd,Unf,2,551,TA,TA,Y,0,0,0,0,0,0,0,6,2010,WD,Normal
45,RM,50,6900,Pave,Reg,Lvl,AllPub,Corner,Gtl,OldTown,Norm,Norm,1Fam,1.5Fin,6,7,1938,2000,Gable,CompShg,MetalSd,MetalSd,None,0,TA,TA,PConc,Gd,TA,No,Unf,0,Unf,0,827,827,GasA,Gd,Y,SBrkr,827,424,0,1251,0,0,1,0,3,1,Fa,6,Typ,0,Gd,Detchd,Unf,1,240,Fa,TA,N,0,0,0,0,0,0,0,1,2010,WD,Normal
50,RM,69,11851,Pave,Reg,Lvl,AllPub,Inside,Gtl,OldTown,Artery,Norm,1Fam,1.5Fin,5,7,1948,2009,Gable,CompShg,VinylSd,VinylSd,None,0,TA,Gd,BrkTil,TA,TA,No,BLQ,780,Unf,0,247,1027,GasA,Ex,Y,SBrkr,1027,606,0,1633,0,0,1,0,3,1,Gd,7,Typ,1,Gd,Detchd,Unf,1,240,TA,TA,Y,0,100,126,0,0,0,0,6,2010,WD,Normal
50,RM,68.5803571428571,8239,Pave,Reg,Lvl,AllPub,Inside,Gtl,OldTown,Artery,Norm,1Fam,1.5Fin,5,6,1920,1962,Gable,CompShg,MetalSd,MetalSd,None,0,TA,TA,BrkTil,TA,TA,No,Rec,176,Unf,0,832,1008,GasA,TA,Y,SBrkr,1060,185,0,1245,0,0,1,0,3,1,TA,6,Typ,0,Gd,Detchd,Unf,1,315,TA,TA,Y,0,0,334,0,0,0,0,3,2010,WD,Normal
30,RM,68,9656,Pave,Reg,Lvl,AllPub,Inside,Gtl,OldTown,Norm,Norm,1Fam,1Story,2,2,1923,1970,Gable,CompShg,AsbShng,AsbShng,None,0,TA,Fa,BrkTil,Fa,Fa,No,Unf,0,Unf,0,678,678,GasA,TA,N,SBrkr,832,0,0,832,0,0,1,0,2,1,TA,5,Typ,1,Gd,Detchd,Unf,2,780,Fa,Fa,N,0,0,0,0,0,0,0,6,2010,WD,Abnorml
70,RM,60,9600,Pave,Reg,Lvl,AllPub,Corner,Gtl,OldTown,Norm,Norm,1Fam,2Story,8,9,1900,2003,Gable,CompShg,Wd Sdng,Wd Sdng,None,0,Gd,Gd,BrkTil,TA,TA,No,Unf,0,Unf,0,930,930,GasW,TA,N,SBrkr,930,636,0,1566,0,0,2,0,3,1,Gd,7,Typ,0,Gd,Detchd,Unf,1,288,TA,TA,Y,54,228,246,0,0,0,0,4,2010,WD,Abnorml
70,RM,50,9000,Pave,Reg,Lvl,AllPub,Inside,Gtl,OldTown,Norm,Norm,1Fam,2Story,8,9,1890,2002,Gable,CompShg,Wd Sdng,Wd Sdng,None,0,Gd,Gd,Stone,Fa,Fa,No,Unf,0,Unf,0,346,346,GasA,Ex,Y,SBrkr,1157,1111,0,2268,0,0,3,0,3,1,Gd,7,Typ,0,Gd,Detchd,Unf,2,624,TA,TA,N,0,108,0,0,0,0,0,4,2010,WD,Normal
190,RM,100,9045,Pave,Reg,Lvl,AllPub,Inside,Gtl,OldTown,Norm,Norm,2fmCon,2Story,5,3,1910,1950,Gable,CompShg,MetalSd,MetalSd,None,0,TA,Fa,BrkTil,TA,TA,Mn,Unf,0,Unf,0,840,840,Grav,Fa,N,FuseF,1128,1128,0,2256,0,0,2,0,4,2,Fa,12,Typ,0,Gd,Attchd,Unf,0,0,TA,TA,N,0,18,18,0,0,0,0,6,2010,WD,Abnorml
70,RM,60,10560,Pave,Reg,Lvl,AllPub,Inside,Gtl,OldTown,Norm,Norm,1Fam,2Story,6,7,1922,1994,Gable,CompShg,Wd Sdng,Wd Sdng,None,0,TA,TA,CBlock,Fa,TA,No,Rec,283,Unf,0,455,738,GasA,Ex,Y,SBrkr,868,602,0,1470,0,0,1,1,2,1,TA,6,Min1,0,Gd,Detchd,Unf,2,624,TA,TA,Y,0,0,0,0,0,0,0,6,2010,WD,Normal
50,RM,53,5830,Pave,Reg,Lvl,AllPub,Corner,Gtl,BrkSide,Feedr,Feedr,1Fam,1.5Fin,5,6,1950,1997,Gable,CompShg,MetalSd,MetalSd,None,0,TA,Gd,CBlock,TA,TA,No,Rec,788,Unf,0,200,988,GasA,Ex,Y,SBrkr,1030,582,0,1612,0,0,1,1,3,1,TA,7,Typ,0,Gd,Detchd,Unf,1,363,TA,TA,Y,0,0,0,0,0,0,0,3,2010,WD,Normal
75,RL,68.5803571428571,7793,Pave,IR1,Bnk,AllPub,Corner,Gtl,BrkSide,Norm,Norm,1Fam,2.5Unf,7,7,1922,2005,Gable,CompShg,Wd Sdng,Wd Sdng,None,0,TA,TA,BrkTil,Gd,TA,No,BLQ,474,Unf,0,634,1108,GasA,TA,N,FuseA,1160,908,0,2068,0,0,1,1,3,1,Gd,8,Typ,1,Gd,Detchd,Unf,1,315,TA,TA,Y,0,0,60,0,0,0,0,5,2010,WD,Normal
30,RM,50,5000,Pave,Reg,Lvl,AllPub,Inside,Gtl,BrkSide,Feedr,Norm,1Fam,1Story,4,7,1925,1950,Gable,CompShg,MetalSd,MetalSd,None,0,TA,TA,BrkTil,TA,TA,No,Rec,188,Unf,0,577,765,GasA,TA,N,FuseF,765,0,0,765,1,0,1,0,2,1,Gd,4,Typ,0,Gd,Detchd,Unf,1,200,Fa,TA,P,135,0,41,0,0,0,0,4,2010,WD,Normal
50,RM,50,6000,Pave,Reg,Lvl,AllPub,Inside,Gtl,BrkSide,Norm,Norm,1Fam,1.5Fin,6,7,1939,1950,Gable,CompShg,MetalSd,MetalSd,None,0,TA,TA,BrkTil,TA,Gd,No,BLQ,452,LwQ,12,144,608,GasA,TA,Y,SBrkr,608,524,0,1132,1,0,1,0,2,1,TA,5,Typ,0,Gd,Detchd,Unf,1,240,TA,TA,Y,0,0,128,0,0,0,0,4,2010,WD,Abnorml
50,RM,50,6000,Pave,Reg,Lvl,AllPub,Inside,Gtl,BrkSide,Norm,Norm,1Fam,1.5Fin,6,6,1940,1950,Gable,CompShg,MetalSd,MetalSd,None,0,TA,Gd,CBlock,TA,TA,No,LwQ,264,Unf,0,308,572,GasA,Ex,Y,FuseA,848,348,0,1196,0,1,1,1,3,1,TA,6,Typ,2,Gd,Detchd,Unf,2,576,TA,TA,Y,0,0,0,0,0,0,0,3,2010,WD,Normal
50,RM,53,6360,Pave,Reg,Lvl,AllPub,Corner,Gtl,BrkSide,Feedr,Norm,1Fam,1.5Fin,5,6,1942,1950,Gable,CompShg,MetalSd,MetalSd,Stone,300,TA,TA,CBlock,TA,TA,No,Rec,360,LwQ,159,316,835,GasA,TA,Y,FuseA,955,498,0,1453,0,0,1,1,3,1,Gd,7,Min2,2,Fa,Detchd,Unf,1,240,TA,TA,Y,0,0,35,0,148,0,0,3,2010,WD,Normal
50,RM,50,6000,Pave,Reg,Lvl,AllPub,Inside,Gtl,BrkSide,Norm,Norm,1Fam,1.5Fin,6,7,1948,1950,Gable,CompShg,Wd Sdng,Wd Sdng,None,0,TA,TA,CBlock,TA,TA,No,Rec,300,Unf,0,480,780,GasA,TA,Y,SBrkr,780,636,0,1416,0,0,1,1,3,1,TA,6,Typ,0,Gd,Detchd,Unf,1,312,TA,TA,P,221,0,48,0,0,0,0,3,2010,WD,Normal
50,RM,52,6240,Pave,Reg,Lvl,AllPub,Inside,Gtl,BrkSide,Norm,Norm,1Fam,1.5Fin,5,7,1936,1980,Gable,CompShg,VinylSd,VinylSd,None,0,TA,TA,CBlock,TA,Fa,No,Rec,276,Unf,0,252,528,GasA,Gd,Y,SBrkr,548,492,0,1040,0,0,1,0,2,1,TA,5,Typ,0,Gd,Detchd,Fin,2,624,TA,TA,P,306,0,32,0,0,0,0,5,2010,WD,Normal
50,RM,52,6240,Pave,Reg,Lvl,AllPub,Inside,Gtl,BrkSide,Norm,Norm,1Fam,1.5Fin,5,5,1930,1950,Gable,CompShg,MetalSd,MetalSd,None,0,TA,TA,BrkTil,TA,TA,No,LwQ,448,Unf,0,480,928,GasA,TA,Y,FuseF,928,608,0,1536,0,0,2,0,4,1,TA,7,Typ,1,Gd,Detchd,Unf,2,480,TA,TA,Y,0,10,0,0,0,0,0,3,2010,WD,Normal
30,RM,51,6120,Pave,Reg,Lvl,AllPub,Inside,Gtl,OldTown,Artery,Norm,1Fam,1Story,6,5,1923,1950,Gable,CompShg,Wd Sdng,Wd Sdng,None,0,TA,TA,BrkTil,Fa,Fa,No,ALQ,960,Unf,0,164,1124,GasA,TA,Y,SBrkr,1068,0,0,1068,1,0,1,0,2,1,TA,5,Typ,1,Gd,Detchd,Unf,1,288,TA,TA,Y,0,0,128,0,0,0,0,3,2010,WD,Normal
50,RM,57,8094,Pave,Reg,Lvl,AllPub,Inside,Gtl,OldTown,Norm,Norm,1Fam,1.5Fin,4,5,1915,1950,Gable,CompShg,MetalSd,MetalSd,None,0,TA,Fa,CBlock,TA,TA,No,Unf,0,Unf,0,888,888,GasA,Ex,Y,SBrkr,888,1074,0,1962,0,0,1,1,4,1,TA,9,Typ,1,TA,Detchd,Unf,2,572,TA,TA,Y,160,0,364,0,0,0,0,6,2010,WD,Normal
70,RM,60,12900,Pave,Reg,Lvl,AllPub,Inside,Gtl,OldTown,Norm,Norm,1Fam,2Story,6,8,1912,2009,Gable,CompShg,Wd Sdng,Wd Sdng,None,0,Gd,Gd,PConc,TA,TA,No,Unf,0,Unf,0,780,780,GasA,Ex,Y,SBrkr,780,780,0,1560,0,0,1,1,3,1,Gd,7,Typ,0,Gd,Attchd,Unf,0,0,TA,TA,N,344,0,0,0,168,0,0,5,2010,WD,Normal
70,RM,52,3068,Pave,Reg,Lvl,AllPub,Inside,Gtl,OldTown,Norm,Norm,1Fam,2Story,6,8,1920,1993,Gable,CompShg,VinylSd,VinylSd,None,0,TA,Gd,BrkTil,TA,TA,No,Unf,0,Unf,0,662,662,GasA,Ex,Y,SBrkr,662,662,0,1324,0,1,1,0,3,1,TA,6,Typ,0,Gd,Detchd,Unf,1,180,TA,TA,Y,0,0,112,0,0,0,0,2,2010,WD,Normal
20,RL,100,15263,Pave,IR1,Lvl,AllPub,Inside,Gtl,ClearCr,Feedr,Norm,1Fam,1Story,5,5,1959,1959,Gable,CompShg,HdBoard,HdBoard,BrkFace,90,TA,TA,CBlock,Gd,TA,No,Rec,766,Unf,0,656,1422,GasA,Gd,Y,SBrkr,1675,0,0,1675,0,0,2,0,3,1,TA,8,Typ,2,Gd,Attchd,Unf,1,365,TA,TA,Y,0,132,0,0,0,0,0,5,2010,WD,Normal
50,RL,72,10632,Pave,IR1,Lvl,AllPub,Inside,Gtl,ClearCr,Norm,Norm,1Fam,1.5Fin,5,3,1917,1950,Gable,CompShg,Wd Sdng,Wd Sdng,None,0,TA,TA,BrkTil,Gd,Fa,No,Unf,0,Unf,0,689,689,GasA,Gd,N,SBrkr,725,499,0,1224,0,0,1,1,3,1,TA,6,Mod,0,Gd,Detchd,Unf,1,180,Fa,Fa,N,0,0,248,0,0,0,0,1,2010,COD,Normal
190,RL,60,9900,Pave,Reg,Lvl,AllPub,Inside,Gtl,SWISU,Norm,Norm,2fmCon,1.5Fin,5,4,1915,1950,Gable,CompShg,Wd Sdng,Wd Shng,None,0,Fa,Fa,BrkTil,TA,TA,No,Rec,1026,Unf,0,186,1212,GasA,TA,N,SBrkr,1212,180,0,1392,1,0,1,0,3,1,TA,6,Typ,0,Gd,Attchd,Unf,0,0,TA,TA,N,0,0,168,0,0,0,0,2,2010,ConLD,Normal
50,RL,65,6001,Pave,IR1,Bnk,AllPub,Inside,Mod,SWISU,Norm,Norm,1Fam,1.5Fin,6,5,1940,1950,Gable,CompShg,VinylSd,VinylSd,None,0,TA,TA,CBlock,Fa,TA,No,LwQ,368,Unf,0,232,600,GasA,Ex,N,SBrkr,600,319,0,919,0,0,1,0,3,1,TA,5,Typ,0,Gd,Detchd,Unf,1,231,TA,TA,Y,0,0,45,0,0,0,0,3,2010,WD,Normal
70,C (all),68.5803571428571,6449,Pave,IR1,Lvl,AllPub,Inside,Gtl,SWISU,Norm,Norm,1Fam,2Story,4,1,1907,1950,Gambrel,CompShg,Wd Sdng,Stucco,None,0,TA,TA,CBlock,TA,TA,No,Rec,73,Unf,0,634,707,GasW,TA,N,SBrkr,942,942,0,1884,0,0,1,1,4,1,TA,7,Typ,0,Gd,Attchd,Unf,0,0,TA,TA,N,0,0,239,0,0,0,0,3,2010,WD,Abnorml
